{"_step":1040,"_wandb":{"runtime":619},"batch_loss":0.8376926779747009,"epoch":1040,"_timestamp":1.7296254630709999e+09,"_runtime":618.884231042}