{"rois":[[745,1587,855,1657],[483,154,708,306],[54,694,194,787],[401,1516,507,1571],[497,559,539,595],[172,1760,298,1894],[56,930,263,1055],[476,1213,639,1428],[685,558,839,631],[697,1951,733,1986],[402,329,598,413],[556,415,600,487],[728,1391,757,1430],[388,1775,498,1856],[563,635,844,698],[411,933,588,1059],[29,1289,155,1415],[52,155,327,489],[842,1873,875,1902],[108,1413,160,1485],[709,275,778,398],[516,1759,637,1846],[383,1365,494,1486],[30,400,134,525],[588,1914,610,1946],[79,1555,148,1616],[86,1487,158,1540],[395,549,495,610],[395,695,474,831],[173,1409,305,1488],[153,1515,312,1695],[519,1577,646,1653],[373,1887,544,2014],[1,197,122,352],[65,88,80,116]],"class_ids":[1,1,1,1,1,1,1,1,1,1,1,1,1,1,1,1,1,1,1,1,1,1,1,1,1,1,1,1,1,1,1,1,1,1,1],"scores":[0.9999934434890747,0.9999561309814453,0.9999368190765381,0.9999144077301025,0.9998317956924438,0.9998084902763367,0.9996411800384521,0.9994262456893921,0.9985243678092957,0.9981637597084045,0.9981497526168823,0.9980202913284302,0.9978691339492798,0.9848729372024536,0.9845908880233765,0.9806328415870667,0.9751899242401123,0.9738256335258484,0.9654589295387268,0.9464468955993652,0.9463256597518921,0.9319959878921509,0.9300891757011414,0.9219089150428772,0.9114483594894409,0.9065831303596497,0.8905655145645142,0.8733514547348022,0.8680077195167542,0.8382917642593384,0.7477795481681824,0.7166325449943542,0.6594045758247375,0.6445433497428894,0.6361713409423828],"masks_shape":[927,2107,35]}